cache_hit_tokens,client_wall_ms,generated_tokens,latency_ms,partial_match,prompt_tokens,queue_depth_at_start,request_id,route_cost,route_policy,text,ttft_ms,worker_id
512,1640.0470710359514,64,1489.5445378497243,True,576,0,5fedbd1c-e81b-4d24-bed9-b05e0163b820,64.0,cost_aware, variant 13 req54018040 variant 13 req54018040 variant 13 req54018040 variant 13 req54018040 variant 13 req5401804,50.04952196031809,worker-0
512,1650.00776713714,64,1507.4595271144062,True,576,1,4a6eb9e0-c4cb-4908-91dd-d1a7f3b6ccf2,64.0,cost_aware, variant 14 req54018041 variant 14 req54018041 variant 14 req54018041 variant 14 req54018041 variant 14 req5401804,148.87526910752058,worker-0
512,1710.6590389739722,64,1497.4872418679297,True,576,9,68ed6d6b-6d45-4625-881f-ca55d27d0509,64.0,cost_aware, variant 15 req54018042 variant 15 req54018042 variant 15 req54018042 variant 15 req54018042 variant 15 req5401804,300.3499088808894,worker-0
512,1729.3715050909668,64,1508.493599947542,True,576,12,2d1740cd-8aef-485c-a60b-acae9d26e61d,64.0,cost_aware, variant 16 req54018043 variant 16 req54018043 variant 16 req54018043 variant 16 req54018043 variant 16 req5401804,368.16276400350034,worker-0
512,1655.888271983713,64,1504.8086140304804,True,576,2,83bd9afa-985b-4b2a-968d-af8ae3adab00,576.0,cost_aware, variant 0 req54018044 variant 0 req54018044 variant 0 req54018044 variant 0 req54018044 variant 0 req54018044 variant 0 req,146.55920513905585,worker-0
512,1674.6528090443462,64,1483.6806189268827,True,576,3,e4f8de81-1330-49e3-b2b0-293efebe7c99,576.0,cost_aware, variant 1 req54018045 variant 1 req54018045 variant 1 req54018045 variant 1 req54018045 variant 1 req54018045 variant 1 req,124.3923578877002,worker-0
512,1709.514683112502,64,1499.1132349241525,True,576,7,61fdcdf4-8115-4308-8583-2b836e12819f,576.0,cost_aware, variant 2 req54018046 variant 2 req54018046 variant 2 req54018046 variant 2 req54018046 variant 2 req54018046 variant 2 req,302.63800895772874,worker-0
512,1673.3151532243937,64,1480.076506966725,True,576,4,fa21c6d1-98c3-400a-8e7f-078ab2865a0d,576.0,cost_aware, variant 3 req54018047 variant 3 req54018047 variant 3 req54018047 variant 3 req54018047 variant 3 req54018047 variant 3 req,121.58344988711178,worker-0
512,1725.806922884658,64,1505.7106618769467,True,576,15,b1a258d8-d17a-4838-9750-371e875f50ae,64.0,cost_aware, variant 4 req54018048 variant 4 req54018048 variant 4 req54018048 variant 4 req54018048 variant 4 req54018048 variant 4 req,365.8019199501723,worker-0
512,1726.9244468770921,64,1505.8705799747258,True,576,14,aff8f95e-d6f1-42e2-9e91-96e23d02b57e,64.0,cost_aware, variant 5 req54018049 variant 5 req54018049 variant 5 req54018049 variant 5 req54018049 variant 5 req54018049 variant 5 req,366.32821685634553,worker-0
512,1710.5191219598055,64,1498.1624698266387,True,576,6,6f85ade5-4376-47c5-aa50-8dd163b7a23c,64.0,cost_aware, variant 6 req54018050 variant 6 req54018050 variant 6 req54018050 variant 6 req54018050 variant 6 req54018050 variant 6 req,304.5828470494598,worker-0
512,1678.0212649609894,64,1491.0999711137265,True,576,10,bbceb851-6998-4007-a627-1e64678fc647,64.0,cost_aware, variant 7 req54018051 variant 7 req54018051 variant 7 req54018051 variant 7 req54018051 variant 7 req54018051 variant 7 req,298.95474412478507,worker-0
512,1707.184966886416,64,1500.720189185813,True,576,5,946b821e-4e6d-4868-aad9-157b23b4c8e7,64.0,cost_aware, variant 8 req54018052 variant 8 req54018052 variant 8 req54018052 variant 8 req54018052 variant 8 req54018052 variant 8 req,305.849232012406,worker-0
512,1708.3490651566535,64,1499.9421411193907,True,576,8,dfff0980-ba82-40aa-bf77-dde78add63dc,64.0,cost_aware, variant 9 req54018053 variant 9 req54018053 variant 9 req54018053 variant 9 req54018053 variant 9 req54018053 variant 9 req,301.8733221106231,worker-0
512,1709.9010720849037,64,1496.3749961461872,True,576,11,0aa54a92-6062-4688-b108-c3b0d554de3c,64.0,cost_aware, variant 10 req54018054 variant 10 req54018054 variant 10 req54018054 variant 10 req54018054 variant 10 req5401805,298.7318281084299,worker-0
512,1725.8471748791635,64,1508.2294198218733,True,576,13,d33a1192-5094-484d-a63f-e09bf1f9a8bb,64.0,cost_aware, variant 11 req54018055 variant 11 req54018055 variant 11 req54018055 variant 11 req54018055 variant 11 req5401805,367.2207829076797,worker-0
512,1397.5068000145257,64,1244.270916795358,True,576,0,6d799234-c04a-49f2-acc7-6d3feb19cea1,64.0,cost_aware, variant 12 req54018056 variant 12 req54018056 variant 12 req54018056 variant 12 req54018056 variant 12 req5401805,77.15145498514175,worker-1
512,1676.4991991221905,64,1504.8037918750197,True,576,0,801b6a41-d277-4a78-9013-fc8e7cb482f8,64.0,cost_aware, variant 13 req54018057 variant 13 req54018057 variant 13 req54018057 variant 13 req54018057 variant 13 req5401805,91.20732499286532,worker-0
512,1392.883457010612,64,1242.081250064075,True,576,1,b2dc4928-314c-4bd8-b81c-c4294d9ca5c9,64.0,cost_aware, variant 14 req54018058 variant 14 req54018058 variant 14 req54018058 variant 14 req54018058 variant 14 req5401805,94.22102198004723,worker-1
512,1715.806211112067,64,1500.1919139176607,True,576,10,b309a25a-f754-4178-8dee-c621d3601b89,64.0,cost_aware, variant 15 req54018059 variant 15 req54018059 variant 15 req54018059 variant 15 req54018059 variant 15 req5401805,302.262325771153,worker-0
512,1716.5743520017713,64,1500.4178250674158,True,576,9,ac13d1bc-ff40-40d1-93fb-b2ea76406569,64.0,cost_aware, variant 16 req54018060 variant 16 req54018060 variant 16 req54018060 variant 16 req54018060 variant 16 req5401806,303.3706161659211,worker-0
512,1686.3011389505118,64,1520.4028668813407,True,576,2,949471d7-f68b-4329-ad9a-a6f16c36ca3f,64.0,cost_aware, variant 0 req54018061 variant 0 req54018061 variant 0 req54018061 variant 0 req54018061 variant 0 req54018061 variant 0 req,268.88960297219455,worker-0
512,1373.0815600138158,64,1207.3453890625387,True,576,4,0b9db235-57d3-4306-9fc2-511c4ee73b3c,128.0,cost_aware, variant 1 req54018062 variant 1 req54018062 variant 1 req54018062 variant 1 req54018062 variant 1 req54018062 variant 1 req,111.09234998002648,worker-1
512,1666.198103921488,64,1519.2931850906461,True,576,5,c08e6908-ac1f-40d5-bbfa-26162dce299f,64.0,cost_aware, variant 2 req54018063 variant 2 req54018063 variant 2 req54018063 variant 2 req54018063 variant 2 req54018063 variant 2 req,266.6192289907485,worker-0
512,1666.8230339419097,64,1520.084452116862,True,576,3,768a6956-2ab0-4564-acfd-7b096e04cda7,64.0,cost_aware, variant 3 req54018064 variant 3 req54018064 variant 3 req54018064 variant 3 req54018064 variant 3 req54018064 variant 3 req,268.16361607052386,worker-0
512,1665.5110779684037,64,1518.1330449413508,True,576,4,b0586f98-3766-40eb-96a9-fbc41bede626,64.0,cost_aware, variant 4 req54018065 variant 4 req54018065 variant 4 req54018065 variant 4 req54018065 variant 4 req54018065 variant 4 req,267.03383307904005,worker-0
512,1655.74432304129,64,1498.9474348258227,True,576,7,802e3f8a-727b-4a50-bfd7-151cb7c3f51b,288.0,cost_aware, variant 5 req54018066 variant 5 req54018066 variant 5 req54018066 variant 5 req54018066 variant 5 req54018066 variant 5 req,246.62533588707447,worker-0
512,1679.2076621204615,64,1503.2917349599302,True,576,8,bc7e30e7-2012-4419-ba94-8f0a3265e4d1,288.0,cost_aware, variant 6 req54018067 variant 6 req54018067 variant 6 req54018067 variant 6 req54018067 variant 6 req54018067 variant 6 req,304.5264391694218,worker-0
512,1350.2477300353348,64,1209.1935779899359,True,576,2,975cc920-5c58-4aa3-9d82-b7eb588955bd,640.0,cost_aware, variant 7 req54018068 variant 7 req54018068 variant 7 req54018068 variant 7 req54018068 variant 7 req54018068 variant 7 req,126.6074450686574,worker-1
512,1637.3712550848722,64,1527.234195964411,True,576,1,d3cf9377-2e60-4c7b-bd32-b4dd6ca1f6cd,576.0,cost_aware, variant 8 req54018069 variant 8 req54018069 variant 8 req54018069 variant 8 req54018069 variant 8 req54018069 variant 8 req,276.5718421433121,worker-0
512,1637.1321741025895,64,1509.7724210936576,True,576,6,cb22c56a-f5b4-4cd0-a5af-962ef109a739,640.0,cost_aware, variant 9 req54018070 variant 9 req54018070 variant 9 req54018070 variant 9 req54018070 variant 9 req54018070 variant 9 req,259.9552480969578,worker-0
512,1348.2995571102947,64,1200.7072099950165,True,576,3,5592d363-8380-4490-b159-08d16641e20f,640.0,cost_aware, variant 10 req54018071 variant 10 req54018071 variant 10 req54018071 variant 10 req54018071 variant 10 req5401807,116.26827204599977,worker-1
512,1357.2604989167303,64,1251.4069059398025,True,576,11,e529a434-a292-4a57-b556-aae4cddc8717,416.0,cost_aware, variant 11 req54018072 variant 11 req54018072 variant 11 req54018072 variant 11 req54018072 variant 11 req5401807,170.42408394627273,worker-0
512,1344.5790000259876,64,1237.1156520675868,True,576,12,2e81763c-8bfe-4661-88a2-8d6b7671d9bc,416.0,cost_aware, variant 12 req54018073 variant 12 req54018073 variant 12 req54018073 variant 12 req54018073 variant 12 req5401807,155.0238779745996,worker-0
512,1298.5837410669774,64,1214.4665669184178,True,576,13,279333ae-8dd4-4eed-934c-8be2c950eab0,480.0,cost_aware, variant 13 req54018074 variant 13 req54018074 variant 13 req54018074 variant 13 req54018074 variant 13 req5401807,136.60120102576911,worker-0
512,1288.058709120378,64,1212.6022649463266,True,576,14,dec716f6-18b1-4241-82ce-0f55f02481ef,480.0,cost_aware, variant 14 req54018075 variant 14 req54018075 variant 14 req54018075 variant 14 req54018075 variant 14 req5401807,133.33604601211846,worker-0
512,1406.9480879697949,64,1361.182063119486,True,576,0,fa6d9086-3b44-4130-a743-ad510d23382e,64.0,cost_aware, variant 15 req54018076 variant 15 req54018076 variant 15 req54018076 variant 15 req54018076 variant 15 req5401807,44.68820197507739,worker-1
512,1392.8150869905949,64,1363.0386940203607,True,576,1,b3f682ad-7ca8-4197-abf6-51b04049e859,96.0,cost_aware, variant 16 req54018077 variant 16 req54018077 variant 16 req54018077 variant 16 req54018077 variant 16 req5401807,47.94937209226191,worker-1
512,1442.0494630467147,64,1354.1504729073495,True,576,2,f80c9142-b0fc-4fcf-ad42-1561ec93de0f,128.0,cost_aware, variant 0 req54018078 variant 0 req54018078 variant 0 req54018078 variant 0 req54018078 variant 0 req54018078 variant 0 req,76.4030939899385,worker-1
512,1516.4436688646674,64,1369.6870689745992,True,576,8,abe7cc8b-7986-496f-81be-27cc654f0b6d,128.0,cost_aware, variant 1 req54018079 variant 1 req54018079 variant 1 req54018079 variant 1 req54018079 variant 1 req54018079 variant 1 req,235.546963987872,worker-1
512,1520.13925393112,64,1385.1694439072162,True,576,5,a165f7ec-82f3-488e-8650-99ec45675362,128.0,cost_aware, variant 2 req54018080 variant 2 req54018080 variant 2 req54018080 variant 2 req54018080 variant 2 req54018080 variant 2 req,249.61273092776537,worker-1
512,1519.1662849392742,64,1386.0962211620063,True,576,4,6e1b3872-2692-43e9-a4e8-e14bbf2f170c,128.0,cost_aware, variant 3 req54018081 variant 3 req54018081 variant 3 req54018081 variant 3 req54018081 variant 3 req54018081 variant 3 req,251.19119905866683,worker-1
512,1509.6099658403546,64,1366.3549090269953,True,576,9,1e466620-9c8f-4f9a-8123-e782cfc7cd26,128.0,cost_aware, variant 4 req54018082 variant 4 req54018082 variant 4 req54018082 variant 4 req54018082 variant 4 req54018082 variant 4 req,231.84241587296128,worker-1
512,1506.0857778880745,64,1382.034950191155,True,576,6,dd8dee06-260e-407d-b06e-1e6a5610d96d,128.0,cost_aware, variant 5 req54018083 variant 5 req54018083 variant 5 req54018083 variant 5 req54018083 variant 5 req54018083 variant 5 req,248.29489504918456,worker-1
512,1505.8147870004177,64,1362.0546469464898,True,576,11,47e21f68-d9e1-4570-bb25-6d37e3687ca0,128.0,cost_aware, variant 6 req54018084 variant 6 req54018084 variant 6 req54018084 variant 6 req54018084 variant 6 req54018084 variant 6 req,245.94519892707467,worker-1
512,1421.9612919259816,64,1351.3862730469555,True,576,3,ec8216e1-9f51-432b-b60c-2e115bf0574f,128.0,cost_aware, variant 7 req54018085 variant 7 req54018085 variant 7 req54018085 variant 7 req54018085 variant 7 req54018085 variant 7 req,71.74310204572976,worker-1
512,1491.7906560003757,64,1364.7733649704605,True,576,10,90a03ef4-8cc3-479e-9746-3080ea51593f,128.0,cost_aware, variant 8 req54018086 variant 8 req54018086 variant 8 req54018086 variant 8 req54018086 variant 8 req54018086 variant 8 req,229.57188310101628,worker-1
512,1495.1256101485342,64,1376.7780519556254,True,576,7,4f5a320b-7d0a-47ba-88ff-4fc394a9cd86,128.0,cost_aware, variant 9 req54018087 variant 9 req54018087 variant 9 req54018087 variant 9 req54018087 variant 9 req54018087 variant 9 req,243.38329397141933,worker-1
512,1447.842740919441,64,1370.516014052555,True,576,0,def9402b-42fa-4840-8a90-52d8f270eb66,64.0,cost_aware, variant 10 req54018088 variant 10 req54018088 variant 10 req54018088 variant 10 req54018088 variant 10 req5401808,44.29073492065072,worker-0
512,1485.5458328966051,64,1388.6690109502524,True,576,2,97454080-3e8b-4698-bf97-d2a05b5070af,64.0,cost_aware, variant 11 req54018089 variant 11 req54018089 variant 11 req54018089 variant 11 req54018089 variant 11 req5401808,117.92599293403327,worker-0
512,1468.0913600604981,64,1388.4491201024503,True,576,3,4e2494ca-5804-4eb5-a439-d9d45a767a88,64.0,cost_aware, variant 12 req54018090 variant 12 req54018090 variant 12 req54018090 variant 12 req54018090 variant 12 req5401809,117.06722108647227,worker-0
512,1466.0503829363734,64,1390.6301141250879,True,576,1,36c27698-6789-497f-a4f7-78c1ed05fbbc,64.0,cost_aware, variant 13 req54018091 variant 13 req54018091 variant 13 req54018091 variant 13 req54018091 variant 13 req5401809,118.30806592479348,worker-0
512,1370.5585899297148,64,1322.9403807781637,True,576,4,3f395eb2-fed7-485b-b383-626535957357,192.0,cost_aware, variant 14 req54018092 variant 14 req54018092 variant 14 req54018092 variant 14 req54018092 variant 14 req5401809,80.90483793057501,worker-0
512,1448.5482850577682,64,1402.5385121349245,True,576,5,b55fe377-1376-4d65-b705-f3449ebad3b2,224.0,cost_aware, variant 15 req54018093 variant 15 req54018093 variant 15 req54018093 variant 15 req54018093 variant 15 req5401809,55.888321017846465,worker-0
512,1528.7456649821252,64,1441.888441098854,True,576,6,1905706a-a3d2-4988-8ede-0f0bcc2213db,256.0,cost_aware, variant 16 req54018094 variant 16 req54018094 variant 16 req54018094 variant 16 req54018094 variant 16 req5401809,82.00306305661798,worker-0
512,1524.120848858729,64,1433.1954719964415,True,576,7,d6d9e739-8975-4989-aab1-0d7923730af0,256.0,cost_aware, variant 0 req54018095 variant 0 req54018095 variant 0 req54018095 variant 0 req54018095 variant 0 req54018095 variant 0 req,74.56955802626908,worker-0
512,1504.3005428742617,64,1402.9365400783718,True,576,10,f5b908a9-5288-4121-b628-5cfa30d0bcd6,320.0,cost_aware, variant 1 req54018096 variant 1 req54018096 variant 1 req54018096 variant 1 req54018096 variant 1 req54018096 variant 1 req,119.90633700042963,worker-0
512,1503.6509651690722,64,1398.2190899550915,True,576,11,affd300d-03de-483e-bd3a-595e55428733,352.0,cost_aware, variant 2 req54018097 variant 2 req54018097 variant 2 req54018097 variant 2 req54018097 variant 2 req54018097 variant 2 req,115.68289389833808,worker-0
512,1504.9490300007164,64,1421.9488811213523,True,576,8,a7b25873-c211-41cf-bf67-8ab18385ece7,320.0,cost_aware, variant 3 req54018098 variant 3 req54018098 variant 3 req54018098 variant 3 req54018098 variant 3 req54018098 variant 3 req,138.61549808643758,worker-0
512,1502.7967300266027,64,1405.1202279515564,True,576,9,5903c556-1116-458e-82c5-b9edc04abd41,352.0,cost_aware, variant 4 req54018099 variant 4 req54018099 variant 4 req54018099 variant 4 req54018099 variant 4 req54018099 variant 4 req,121.47972895763814,worker-0
512,1240.9579590894282,64,1194.7355777956545,True,576,0,2b9fb3fa-e832-4602-96ef-7cbefac8145f,64.0,cost_aware, variant 5 req54018100 variant 5 req54018100 variant 5 req54018100 variant 5 req54018100 variant 5 req54018100 variant 5 req,52.610344951972365,worker-1
512,1275.9848409332335,64,1178.7824239581823,True,576,3,dc9769e4-badb-40cd-9193-d0cce50a4fc9,96.0,cost_aware, variant 6 req54018101 variant 6 req54018101 variant 6 req54018101 variant 6 req54018101 variant 6 req54018101 variant 6 req,93.72512111440301,worker-1
512,1275.2929970156401,64,1194.689896889031,True,576,2,8bf7c0a8-6b3e-49b9-aa3c-a65d9f641412,96.0,cost_aware, variant 7 req54018102 variant 7 req54018102 variant 7 req54018102 variant 7 req54018102 variant 7 req54018102 variant 7 req,111.35306395590305,worker-1
512,1275.0679380260408,64,1197.9818360414356,True,576,1,ad50b887-5eaf-42a4-9887-ab6e8d6f305f,96.0,cost_aware, variant 8 req54018103 variant 8 req54018103 variant 8 req54018103 variant 8 req54018103 variant 8 req54018103 variant 8 req,113.75863803550601,worker-1
512,1350.8833372034132,64,1295.992505038157,True,576,7,4e9da168-376e-455b-85f6-af626583a641,416.0,cost_aware, variant 9 req54018104 variant 9 req54018104 variant 9 req54018104 variant 9 req54018104 variant 9 req54018104 variant 9 req,47.71528905257583,worker-0
512,1335.042356979102,64,1282.4512729421258,True,576,8,a9736d85-7620-4d96-a800-b57a343b4cfd,320.0,cost_aware, variant 10 req54018105 variant 10 req54018105 variant 10 req54018105 variant 10 req54018105 variant 10 req5401810,54.67076180502772,worker-0
512,1369.1011648625135,64,1279.0506458841264,True,576,11,3be8b4b8-40ac-431f-b249-031862aec0da,320.0,cost_aware, variant 11 req54018106 variant 11 req54018106 variant 11 req54018106 variant 11 req54018106 variant 11 req5401810,114.89825486205518,worker-0
512,1368.6340609565377,64,1282.7955761458725,True,576,10,9a646246-6e96-47df-b9a5-0bd9a70939b0,320.0,cost_aware, variant 12 req54018107 variant 12 req54018107 variant 12 req54018107 variant 12 req54018107 variant 12 req5401810,118.31725994125009,worker-0
512,1368.4087910223752,64,1284.0138780884445,True,576,9,1871863d-d1ee-473b-9b4c-34222552f992,320.0,cost_aware, variant 13 req54018108 variant 13 req54018108 variant 13 req54018108 variant 13 req54018108 variant 13 req5401810,120.0278450269252,worker-0
512,1410.7558000832796,64,1345.5883311107755,True,576,11,724a7d73-9f6b-432e-b695-52cc8bb48d22,448.0,cost_aware, variant 14 req54018109 variant 14 req54018109 variant 14 req54018109 variant 14 req54018109 variant 14 req5401810,146.1307790596038,worker-0
512,1375.3977350424975,64,1294.2259421106428,True,576,13,ead307c5-af8b-41e0-9062-f484113f3d90,448.0,cost_aware, variant 15 req54018110 variant 15 req54018110 variant 15 req54018110 variant 15 req54018110 variant 15 req5401811,95.2180870808661,worker-0
512,1373.5854618716985,64,1299.30759803392,True,576,12,a0609b2e-c279-47c5-821a-362aa34302e1,448.0,cost_aware, variant 16 req54018111 variant 16 req54018111 variant 16 req54018111 variant 16 req54018111 variant 16 req5401811,99.40308216027915,worker-0
512,1357.301415875554,64,1291.9118020217866,True,576,1,944ac770-0c04-4a62-a517-5387454cc853,576.0,cost_aware, variant 0 req54018112 variant 0 req54018112 variant 0 req54018112 variant 0 req54018112 variant 0 req54018112 variant 0 req,67.29050283320248,worker-1
512,1330.9529819525778,64,1275.865892879665,True,576,0,586fe87f-a4fd-4687-9c3c-0d5b22b7e8ff,576.0,cost_aware, variant 1 req54018113 variant 1 req54018113 variant 1 req54018113 variant 1 req54018113 variant 1 req54018113 variant 1 req,44.252384919673204,worker-1
512,1334.7810111008584,64,1274.9020468909293,True,576,2,9f2e7f6f-dc4d-4ffe-b4f5-daed273dcac7,640.0,cost_aware, variant 2 req54018114 variant 2 req54018114 variant 2 req54018114 variant 2 req54018114 variant 2 req54018114 variant 2 req,54.76139183156192,worker-1
512,1363.5120820254087,64,1286.4649689290673,True,576,3,01ec21de-33fc-415d-8f51-b6c0b298bc0f,640.0,cost_aware, variant 3 req54018115 variant 3 req54018115 variant 3 req54018115 variant 3 req54018115 variant 3 req54018115 variant 3 req,99.04799982905388,worker-1
512,1312.4275049194694,64,1262.3654340859503,True,576,4,8d57e409-09cb-4d60-96fe-49aedb1e5763,192.0,cost_aware, variant 4 req54018116 variant 4 req54018116 variant 4 req54018116 variant 4 req54018116 variant 4 req54018116 variant 4 req,75.75742108747363,worker-1
512,1330.8488889597356,64,1242.096995934844,True,576,6,ceda6239-2506-455f-be90-5eb993aa2d43,224.0,cost_aware, variant 5 req54018117 variant 5 req54018117 variant 5 req54018117 variant 5 req54018117 variant 5 req54018117 variant 5 req,125.76500792056322,worker-1
512,1329.3274778407067,64,1239.362312015146,True,576,7,4a83ac0d-5199-4c7c-95d1-8548d0040fec,224.0,cost_aware, variant 6 req54018118 variant 6 req54018118 variant 6 req54018118 variant 6 req54018118 variant 6 req54018118 variant 6 req,124.17495995759964,worker-1
512,1329.9101719167084,64,1241.4727669674903,True,576,5,00d4bc6f-9bae-4d4c-8756-f8c33d515dcc,224.0,cost_aware, variant 7 req54018119 variant 7 req54018119 variant 7 req54018119 variant 7 req54018119 variant 7 req54018119 variant 7 req,128.04496590979397,worker-1
512,1510.428257053718,64,1464.3766100052744,True,576,7,230c804f-ad0d-4bec-b609-3ea3ddcde2a1,288.0,cost_aware, variant 8 req54018120 variant 8 req54018120 variant 8 req54018120 variant 8 req54018120 variant 8 req54018120 variant 8 req,74.66296316124499,worker-0
512,1519.6155621670187,64,1457.9205310437828,True,576,4,f7641e97-ab5a-4353-be5e-11f2c1b63934,288.0,cost_aware, variant 9 req54018121 variant 9 req54018121 variant 9 req54018121 variant 9 req54018121 variant 9 req54018121 variant 9 req,59.7410281188786,worker-0
512,1508.2435871008784,64,1454.560476820916,True,576,5,56440c7f-332b-4a76-b112-79c821b53974,224.0,cost_aware, variant 10 req54018122 variant 10 req54018122 variant 10 req54018122 variant 10 req54018122 variant 10 req5401812,112.26635100319982,worker-0
512,1507.6060958672315,64,1447.8667611256242,True,576,6,1c3d2f89-d683-497b-85b4-83156f7cbce1,224.0,cost_aware, variant 11 req54018123 variant 11 req54018123 variant 11 req54018123 variant 11 req54018123 variant 11 req5401812,105.24008912034333,worker-0
512,1507.0636360906065,64,1447.4673508666456,True,576,7,b8a5e19e-a41d-4609-abc3-aa410b6d1fa2,224.0,cost_aware, variant 12 req54018124 variant 12 req54018124 variant 12 req54018124 variant 12 req54018124 variant 12 req5401812,104.54279696568847,worker-0
512,1188.8059419579804,64,1122.8813279885799,True,576,6,354f77ea-394e-4665-bf08-e1cb46c60563,288.0,cost_aware, variant 13 req54018125 variant 13 req54018125 variant 13 req54018125 variant 13 req54018125 variant 13 req5401812,89.58071004599333,worker-1
512,1479.4925940223038,64,1408.8540559168905,True,576,5,e9fa41e6-6bbe-458e-99a2-a1c2721623f9,224.0,cost_aware, variant 14 req54018126 variant 14 req54018126 variant 14 req54018126 variant 14 req54018126 variant 14 req5401812,52.774287993088365,worker-0
512,1501.5083369798958,64,1412.22978499718,True,576,8,cc8abc1e-dc2a-462a-9f5b-9e19924d1578,224.0,cost_aware, variant 15 req54018127 variant 15 req54018127 variant 15 req54018127 variant 15 req54018127 variant 15 req5401812,132.58344703353941,worker-0
512,1501.1160778813064,64,1412.6828371081501,True,576,7,6a436cfe-d0c5-4f1a-986c-2c9a7a3ccda8,224.0,cost_aware, variant 16 req54018128 variant 16 req54018128 variant 16 req54018128 variant 16 req54018128 variant 16 req5401812,133.86405305936933,worker-0
512,1500.630103982985,64,1415.0405961554497,True,576,6,a64ffe75-114d-4f65-a9c7-ceed8ec76f90,224.0,cost_aware, variant 0 req54018129 variant 0 req54018129 variant 0 req54018129 variant 0 req54018129 variant 0 req54018129 variant 0 req,135.79857512377203,worker-0
512,1492.4556789919734,64,1417.618997162208,True,576,9,a367a68d-011a-4b2c-89b2-482599d6cb13,352.0,cost_aware, variant 1 req54018130 variant 1 req54018130 variant 1 req54018130 variant 1 req54018130 variant 1 req54018130 variant 1 req,220.3839651774615,worker-0
512,1447.356830118224,64,1371.9071061350405,True,576,10,a914685d-e38f-4b0f-9d10-28f97bd3ae6e,384.0,cost_aware, variant 2 req54018131 variant 2 req54018131 variant 2 req54018131 variant 2 req54018131 variant 2 req54018131 variant 2 req,178.59700601547956,worker-0
512,1462.5582480803132,64,1369.9244889430702,True,576,11,1f6b0ab5-e72e-4de4-9bce-5d44eeeb9d85,384.0,cost_aware, variant 3 req54018132 variant 3 req54018132 variant 3 req54018132 variant 3 req54018132 variant 3 req54018132 variant 3 req,174.00474892929196,worker-0
512,1428.448038874194,64,1366.7490321677178,True,576,12,c78e45dc-206f-4132-a9df-5e5ec88fc155,384.0,cost_aware, variant 4 req54018133 variant 4 req54018133 variant 4 req54018133 variant 4 req54018133 variant 4 req54018133 variant 4 req,172.17155499383807,worker-0
512,1444.8632111307234,64,1367.3595311120152,True,576,13,c0735c59-932b-418f-8c90-644166895e4f,384.0,cost_aware, variant 5 req54018134 variant 5 req54018134 variant 5 req54018134 variant 5 req54018134 variant 5 req54018134 variant 5 req,168.8213269226253,worker-0
512,1443.2921931147575,64,1367.5272909458727,True,576,14,ba1ad321-506f-4844-ac03-49e683867bae,416.0,cost_aware, variant 6 req54018135 variant 6 req54018135 variant 6 req54018135 variant 6 req54018135 variant 6 req54018135 variant 6 req,167.92055894620717,worker-0
512,1357.6174909248948,64,1274.6926490217447,True,576,0,c6607f70-f0db-4756-b02e-6d886cb39265,576.0,cost_aware, variant 7 req54018136 variant 7 req54018136 variant 7 req54018136 variant 7 req54018136 variant 7 req54018136 variant 7 req,45.97191303037107,worker-1
512,1353.6386769264936,64,1270.991537021473,True,576,1,ebd44910-f454-4059-a281-d6841410aae7,576.0,cost_aware, variant 8 req54018137 variant 8 req54018137 variant 8 req54018137 variant 8 req54018137 variant 8 req54018137 variant 8 req,59.90164796821773,worker-1
512,1353.8336311466992,64,1285.1102729327977,True,576,2,2f413215-c68d-4249-ba17-b974a1bde8d1,608.0,cost_aware, variant 9 req54018138 variant 9 req54018138 variant 9 req54018138 variant 9 req54018138 variant 9 req54018138 variant 9 req,77.47396407648921,worker-1
512,1335.3289370425045,64,1253.3277578186244,True,576,3,709d1948-12b8-45c3-9362-05c5c02616f6,640.0,cost_aware, variant 10 req54018139 variant 10 req54018139 variant 10 req54018139 variant 10 req54018139 variant 10 req5401813,77.52849883399904,worker-1
512,1377.926885150373,64,1289.4251989200711,True,576,11,3c5b653d-49c3-4364-9127-7185d9e6bf60,384.0,cost_aware, variant 11 req54018140 variant 11 req54018140 variant 11 req54018140 variant 11 req54018140 variant 11 req5401814,71.43544498831034,worker-0
512,1377.1710419096053,64,1291.6549190413207,True,576,10,45d10bc2-d98b-4dec-9333-63c0cb56632b,384.0,cost_aware, variant 12 req54018141 variant 12 req54018141 variant 12 req54018141 variant 12 req54018141 variant 12 req5401814,73.76540009863675,worker-0
512,1327.7613939717412,64,1281.6024902276695,True,576,8,501e221b-8a88-4923-a7dc-f914571dee62,416.0,cost_aware, variant 13 req54018142 variant 13 req54018142 variant 13 req54018142 variant 13 req54018142 variant 13 req5401814,56.28245207481086,worker-0
512,1316.9131490867585,64,1273.614355130121,True,576,9,f4fd9472-32b8-425d-9484-e0389bd9fa89,352.0,cost_aware, variant 14 req54018143 variant 14 req54018143 variant 14 req54018143 variant 14 req54018143 variant 14 req5401814,59.99315902590752,worker-0
512,1324.5739471167326,64,1265.7721159048378,True,576,11,64fc11b4-43e3-47d5-858f-1107c381aa42,352.0,cost_aware, variant 15 req54018144 variant 15 req54018144 variant 15 req54018144 variant 15 req54018144 variant 15 req5401814,113.27998409979045,worker-0
512,1319.4163939915597,64,1267.4599138554186,True,576,10,af8373bc-338f-462f-ba29-102851c2a2e4,352.0,cost_aware, variant 16 req54018145 variant 16 req54018145 variant 16 req54018145 variant 16 req54018145 variant 16 req5401814,115.41433492675424,worker-0
512,1564.111651154235,64,1485.1143218111247,True,576,6,5ae6fdeb-cca2-4e3c-91eb-d564571e5cd1,256.0,cost_aware, variant 0 req54018146 variant 0 req54018146 variant 0 req54018146 variant 0 req54018146 variant 0 req54018146 variant 0 req,45.651885913684964,worker-0
512,1563.6338398326188,64,1469.3904749583453,True,576,7,2ad8e86e-8dfd-4a7f-bad5-eb8192a7bfcd,256.0,cost_aware, variant 1 req54018147 variant 1 req54018147 variant 1 req54018147 variant 1 req54018147 variant 1 req54018147 variant 1 req,62.04143795184791,worker-0
512,1395.4302221536636,64,1299.8382849618793,True,576,5,c7430ff4-431c-49db-96c7-3cc6ea60e64f,704.0,cost_aware, variant 2 req54018148 variant 2 req54018148 variant 2 req54018148 variant 2 req54018148 variant 2 req54018148 variant 2 req,123.56242793612182,worker-1
512,1362.6871549058706,64,1287.6012867782265,True,576,4,58956d57-4a8e-4e06-bdb3-7e0e8a6a4ef8,704.0,cost_aware, variant 3 req54018149 variant 3 req54018149 variant 3 req54018149 variant 3 req54018149 variant 3 req54018149 variant 3 req,50.76145497150719,worker-1
512,1389.915234176442,64,1297.3532390315086,True,576,6,f6682307-a719-4456-8aba-c3472b7a1360,704.0,cost_aware, variant 4 req54018150 variant 4 req54018150 variant 4 req54018150 variant 4 req54018150 variant 4 req54018150 variant 4 req,121.84835784137249,worker-1
512,1389.6904359571636,64,1296.1806191597134,True,576,7,aa6c273d-d5f6-4310-a712-80ad8e9e2f04,704.0,cost_aware, variant 5 req54018151 variant 5 req54018151 variant 5 req54018151 variant 5 req54018151 variant 5 req54018151 variant 5 req,120.23415300063789,worker-1
512,1316.098575014621,64,1271.2596079800278,True,576,4,bd8433af-6910-4631-8213-2ea9f708610a,256.0,cost_aware, variant 6 req54018152 variant 6 req54018152 variant 6 req54018152 variant 6 req54018152 variant 6 req54018152 variant 6 req,44.41517707891762,worker-1
512,1337.936510099098,64,1266.4076900109649,True,576,5,dc7a8dd5-e0d9-463a-934b-5519ef31762f,256.0,cost_aware, variant 7 req54018153 variant 7 req54018153 variant 7 req54018153 variant 7 req54018153 variant 7 req54018153 variant 7 req,72.43477506563067,worker-1
512,1309.104721993208,64,1262.2942570596933,True,576,6,04c60d9a-ffde-425b-8a88-0d08ca043e17,224.0,cost_aware, variant 8 req54018154 variant 8 req54018154 variant 8 req54018154 variant 8 req54018154 variant 8 req54018154 variant 8 req,68.25903500430286,worker-1
512,1308.3779148291796,64,1256.413342896849,True,576,7,1ada18f6-2d76-4ccb-a917-5cc70062a918,224.0,cost_aware, variant 9 req54018155 variant 9 req54018155 variant 9 req54018155 variant 9 req54018155 variant 9 req54018155 variant 9 req,86.68314479291439,worker-1
512,1334.3793901149184,64,1275.1671120058745,True,576,6,363f9242-838c-499e-ad98-0d2f1a591742,256.0,cost_aware, variant 10 req54018156 variant 10 req54018156 variant 10 req54018156 variant 10 req54018156 variant 10 req5401815,69.88699198700488,worker-0
512,1333.8180589489639,64,1272.7697510272264,True,576,7,3f5764db-4067-43ca-9537-b77b865376dc,256.0,cost_aware, variant 11 req54018157 variant 11 req54018157 variant 11 req54018157 variant 11 req54018157 variant 11 req5401815,67.30947201140225,worker-0
512,1397.1124212257564,64,1360.2263850625604,True,576,4,2b9fc989-15e8-4d92-ba59-031a3421fe2f,288.0,cost_aware, variant 12 req54018158 variant 12 req54018158 variant 12 req54018158 variant 12 req54018158 variant 12 req5401815,48.651651944965124,worker-0
512,1399.5480199810117,64,1347.2229579929262,True,576,5,12a96d3d-c577-46a6-8a79-0d357eae5fb6,224.0,cost_aware, variant 13 req54018159 variant 13 req54018159 variant 13 req54018159 variant 13 req54018159 variant 13 req5401815,301.5824561007321,worker-0
512,1709.1475271154195,64,1641.8755121994764,True,576,7,9fc8208a-d7a0-41b1-a877-d5611260da76,224.0,cost_aware, variant 14 req54018160 variant 14 req54018160 variant 14 req54018160 variant 14 req54018160 variant 14 req5401816,342.08251000382006,worker-0
512,1704.565537162125,64,1642.5432988908142,True,576,6,7e3fe637-fc4b-4f47-84f3-89a1b1609ec8,224.0,cost_aware, variant 15 req54018161 variant 15 req54018161 variant 15 req54018161 variant 15 req54018161 variant 15 req5401816,344.023231882602,worker-0
512,1553.4368650987744,64,1459.1552908532321,True,576,9,3b66d7c3-b1d3-4a1c-80cb-4a2994956e6f,320.0,cost_aware, variant 16 req54018162 variant 16 req54018162 variant 16 req54018162 variant 16 req54018162 variant 16 req5401816,201.7478379420936,worker-0
512,1520.1013088226318,64,1458.9878499973565,True,576,8,9b24c310-2bba-4818-b1c8-7b477b5b2d04,320.0,cost_aware, variant 0 req54018163 variant 0 req54018163 variant 0 req54018163 variant 0 req54018163 variant 0 req54018163 variant 0 req,202.41235801950097,worker-0
512,1349.5218448806554,64,1277.1566880401224,True,576,5,18b87d86-a2e8-4684-a9df-2686aaf4b3f9,192.0,cost_aware, variant 1 req54018164 variant 1 req54018164 variant 1 req54018164 variant 1 req54018164 variant 1 req54018164 variant 1 req,148.4703179448843,worker-1
512,1345.3848559875041,64,1282.5022421311587,True,576,4,12b1399b-3290-4438-a3f7-397f6c3516b3,192.0,cost_aware, variant 2 req54018165 variant 2 req54018165 variant 2 req54018165 variant 2 req54018165 variant 2 req54018165 variant 2 req,155.129220103845,worker-1
512,1202.554470160976,64,1163.484575925395,True,576,6,9a7d5788-95b0-41f4-aa52-168af5e17288,256.0,cost_aware, variant 3 req54018166 variant 3 req54018166 variant 3 req54018166 variant 3 req54018166 variant 3 req54018166 variant 3 req,76.24777196906507,worker-1
512,1206.5266228746623,64,1155.8319418691099,True,576,7,99041208-37be-4a67-9258-ef3a4b787f31,256.0,cost_aware, variant 4 req54018167 variant 4 req54018167 variant 4 req54018167 variant 4 req54018167 variant 4 req54018167 variant 4 req,67.75047699920833,worker-1
512,1370.9301908966154,64,1320.455342065543,True,576,8,a2067626-99f7-4b03-a9af-57f564cd7d29,320.0,cost_aware, variant 5 req54018168 variant 5 req54018168 variant 5 req54018168 variant 5 req54018168 variant 5 req54018168 variant 5 req,89.1087781637907,worker-0
512,1402.9354229569435,64,1308.5873669479042,True,576,9,b134b9b7-8e93-4863-ab9c-fa5ae1643030,352.0,cost_aware, variant 6 req54018169 variant 6 req54018169 variant 6 req54018169 variant 6 req54018169 variant 6 req54018169 variant 6 req,131.6088840831071,worker-0
512,1402.481558965519,64,1309.752324828878,True,576,8,e7821a49-71da-46ea-b41a-1bb4a376f324,352.0,cost_aware, variant 7 req54018170 variant 7 req54018170 variant 7 req54018170 variant 7 req54018170 variant 7 req54018170 variant 7 req,133.77159996889532,worker-0
512,1388.2111061830074,64,1310.5048220604658,True,576,7,054e3351-24d2-490f-9dcb-a1d09125b4fa,352.0,cost_aware, variant 8 req54018171 variant 8 req54018171 variant 8 req54018171 variant 8 req54018171 variant 8 req54018171 variant 8 req,135.80210111103952,worker-0
512,1383.8694200385362,64,1322.8169460780919,True,576,10,d88ae27c-8e39-4336-b29e-9b95f59c5f40,384.0,cost_aware, variant 9 req54018172 variant 9 req54018172 variant 9 req54018172 variant 9 req54018172 variant 9 req54018172 variant 9 req,148.74851913191378,worker-0
512,1383.3136870525777,64,1321.0658978205174,True,576,11,f4149409-1bd6-42f9-bf20-19c9d46e148b,384.0,cost_aware, variant 10 req54018173 variant 10 req54018173 variant 10 req54018173 variant 10 req54018173 variant 10 req5401817,146.96904690936208,worker-0
512,1332.8674000222236,64,1293.5932299587876,True,576,10,91fa63ce-0018-4a70-9c1f-4a3108e7e47c,416.0,cost_aware, variant 11 req54018174 variant 11 req54018174 variant 11 req54018174 variant 11 req54018174 variant 11 req5401817,64.26696106791496,worker-0
512,1334.4728408847004,64,1292.0308851171285,True,576,11,4eaf811c-354a-4333-8b2b-0f7d6927d26b,416.0,cost_aware, variant 12 req54018175 variant 12 req54018175 variant 12 req54018175 variant 12 req54018175 variant 12 req5401817,73.1442749965936,worker-0
512,1348.009416135028,64,1292.366696987301,True,576,0,f550c7bf-7d06-4ebc-8c15-377d453aab17,576.0,cost_aware, variant 13 req54018176 variant 13 req54018176 variant 13 req54018176 variant 13 req54018176 variant 13 req5401817,45.20777799189091,worker-1
512,1381.92069507204,64,1288.5887240990996,True,576,2,d7397ad8-435a-468d-a20e-f509ab616e04,576.0,cost_aware, variant 14 req54018177 variant 14 req54018177 variant 14 req54018177 variant 14 req54018177 variant 14 req5401817,99.84846203587949,worker-1
512,1372.4824800156057,64,1294.245911994949,True,576,1,671bf48f-b4f8-4549-b84e-142c33dc35d2,576.0,cost_aware, variant 15 req54018178 variant 15 req54018178 variant 15 req54018178 variant 15 req54018178 variant 15 req5401817,105.90533004142344,worker-1
512,1367.9839000105858,64,1286.6883149836212,True,576,3,1e1a2b85-6ad0-493a-888f-cd1ffde7a3a7,576.0,cost_aware, variant 16 req54018179 variant 16 req54018179 variant 16 req54018179 variant 16 req54018179 variant 16 req5401817,99.06537691131234,worker-1
512,1301.2076641898602,64,1220.9669668227434,True,576,6,93507455-e398-4fb0-b2c6-d8c3de6a5328,192.0,cost_aware, variant 0 req54018180 variant 0 req54018180 variant 0 req54018180 variant 0 req54018180 variant 0 req54018180 variant 0 req,116.59435578621924,worker-1
512,1269.236905965954,64,1221.5438429266214,True,576,4,2a03d566-2a7f-4f96-8cff-32ff6e3e0bbb,192.0,cost_aware, variant 1 req54018181 variant 1 req54018181 variant 1 req54018181 variant 1 req54018181 variant 1 req54018181 variant 1 req,58.13764105550945,worker-1
512,1295.5666710622609,64,1220.6833369564265,True,576,7,361b7af2-525f-4f4e-9921-1a340c65cacf,192.0,cost_aware, variant 2 req54018182 variant 2 req54018182 variant 2 req54018182 variant 2 req54018182 variant 2 req54018182 variant 2 req,116.22863914817572,worker-1
512,1289.9764268659055,64,1221.4682949706912,True,576,5,d0a794b9-50ff-4f46-88cc-b5a710d5cefd,192.0,cost_aware, variant 3 req54018183 variant 3 req54018183 variant 3 req54018183 variant 3 req54018183 variant 3 req54018183 variant 3 req,118.10040287673473,worker-1
512,1657.5709111057222,64,1560.2771430276334,True,576,7,a1f9d35b-1254-482e-8307-188546f17e5f,288.0,cost_aware, variant 4 req54018184 variant 4 req54018184 variant 4 req54018184 variant 4 req54018184 variant 4 req54018184 variant 4 req,70.78016712330282,worker-0
512,1603.6903159692883,64,1486.0460620839149,True,576,5,53a70e98-e545-4b79-83d7-557e83eeacac,224.0,cost_aware, variant 5 req54018185 variant 5 req54018185 variant 5 req54018185 variant 5 req54018185 variant 5 req54018185 variant 5 req,58.73763212002814,worker-0
512,1550.7000929210335,64,1464.6421689540148,True,576,5,b2a68bb8-c4da-41fa-828c-b97f20b74f6c,224.0,cost_aware, variant 6 req54018186 variant 6 req54018186 variant 6 req54018186 variant 6 req54018186 variant 6 req54018186 variant 6 req,144.7290109936148,worker-0
512,1591.0561229102314,64,1469.0716320183128,True,576,4,fafe20c4-c4b2-4afc-8bf6-9929a3cdac1e,224.0,cost_aware, variant 7 req54018187 variant 7 req54018187 variant 7 req54018187 variant 7 req54018187 variant 7 req54018187 variant 7 req,146.45082294009626,worker-0
512,1496.5105790179223,64,1437.6349730882794,True,576,6,4813166f-a6cd-40fc-a680-5f972e6ec55e,256.0,cost_aware, variant 8 req54018188 variant 8 req54018188 variant 8 req54018188 variant 8 req54018188 variant 8 req54018188 variant 8 req,118.90953802503645,worker-0
512,1538.4796899743378,64,1434.7779001109302,True,576,7,c2db96e9-1ad2-4f8d-a8a0-96ab4a9ffe9f,256.0,cost_aware, variant 9 req54018189 variant 9 req54018189 variant 9 req54018189 variant 9 req54018189 variant 9 req54018189 variant 9 req,113.42445714399219,worker-0
512,1318.5409088619053,64,1216.2845798302442,True,576,6,7b9e493c-41fe-421e-abff-81de0374cf80,288.0,cost_aware, variant 10 req54018190 variant 10 req54018190 variant 10 req54018190 variant 10 req54018190 variant 10 req5401819,62.517056008800864,worker-0
512,1283.4623991511762,64,1190.8154010307044,True,576,7,0ce2ef97-f0c3-40e9-98ec-67663ff002dc,288.0,cost_aware, variant 11 req54018191 variant 11 req54018191 variant 11 req54018191 variant 11 req54018191 variant 11 req5401819,74.66157106682658,worker-0
512,2390.781857073307,64,2332.0176859851927,True,576,8,04ed2d95-03a1-4aef-975b-1d27fc8b47e2,320.0,cost_aware, variant 12 req54018192 variant 12 req54018192 variant 12 req54018192 variant 12 req54018192 variant 12 req5401819,1059.1311699245125,worker-0
512,2356.29284218885,64,2299.18089392595,True,576,9,8683fe02-4640-4a87-911c-84d3ae6666f1,352.0,cost_aware, variant 13 req54018193 variant 13 req54018193 variant 13 req54018193 variant 13 req54018193 variant 13 req5401819,1025.0818668864667,worker-0
512,2370.33418007195,64,2313.3976629469544,True,576,10,16bc0619-6942-43c1-aea9-cc0ac8093d44,352.0,cost_aware, variant 14 req54018194 variant 14 req54018194 variant 14 req54018194 variant 14 req54018194 variant 14 req5401819,1088.9220950193703,worker-0
512,2370.1326770242304,64,2306.4446940552443,True,576,11,007ab339-6cc1-4782-93ba-a56b1743c2b3,352.0,cost_aware, variant 15 req54018195 variant 15 req54018195 variant 15 req54018195 variant 15 req54018195 variant 15 req5401819,1081.0930379666388,worker-0
512,2197.5860020611435,64,2143.378840992227,True,576,0,bca72139-9fbd-4da2-9f85-7d95f2260845,160.0,cost_aware, variant 16 req54018196 variant 16 req54018196 variant 16 req54018196 variant 16 req54018196 variant 16 req5401819,953.7681620568037,worker-1
512,2198.5520110465586,64,2136.2258209846914,True,576,1,26ba2162-ea4f-45f6-ad8a-a4ecf2443333,96.0,cost_aware, variant 0 req54018197 variant 0 req54018197 variant 0 req54018197 variant 0 req54018197 variant 0 req54018197 variant 0 req,1013.8357060495764,worker-1
512,2197.2819401416928,64,2123.9233610685915,True,576,3,f7dfa722-3042-40bd-bb6b-0c968ee65e74,96.0,cost_aware, variant 1 req54018198 variant 1 req54018198 variant 1 req54018198 variant 1 req54018198 variant 1 req54018198 variant 1 req,999.483616091311,worker-1
512,2197.2403549589217,64,2132.1955379098654,True,576,2,9eb10a0c-66da-4c29-8307-a6f298634c6b,96.0,cost_aware, variant 2 req54018199 variant 2 req54018199 variant 2 req54018199 variant 2 req54018199 variant 2 req54018199 variant 2 req,1008.8836329523474,worker-1
512,1411.5125450771302,64,1284.007451031357,True,576,5,f52260be-fc8b-4ab8-9c00-db198191e2fd,192.0,cost_aware, variant 3 req54018200 variant 3 req54018200 variant 3 req54018200 variant 3 req54018200 variant 3 req54018200 variant 3 req,101.238036993891,worker-0
512,1431.0407668817788,64,1267.3103529959917,True,576,8,bf5cb6d8-ffe4-476a-aa06-ea8d060b36f4,192.0,cost_aware, variant 4 req54018201 variant 4 req54018201 variant 4 req54018201 variant 4 req54018201 variant 4 req54018201 variant 4 req,164.84922100789845,worker-0
512,1389.5315090194345,64,1269.4750321097672,True,576,7,4170d710-da48-4c51-be9e-870bb358ab63,192.0,cost_aware, variant 5 req54018202 variant 5 req54018202 variant 5 req54018202 variant 5 req54018202 variant 5 req54018202 variant 5 req,166.35636915452778,worker-0
512,1367.997224908322,64,1279.4265639968216,True,576,6,49b93e89-aaf7-4960-8820-50c4ab590feb,192.0,cost_aware, variant 6 req54018203 variant 6 req54018203 variant 6 req54018203 variant 6 req54018203 variant 6 req54018203 variant 6 req,96.39024594798684,worker-0
512,1371.4026780799031,64,1288.5712119750679,True,576,4,42cb4afe-1526-45e4-95b6-f68215350da1,704.0,cost_aware, variant 7 req54018204 variant 7 req54018204 variant 7 req54018204 variant 7 req54018204 variant 7 req54018204 variant 7 req,106.2786488328129,worker-0
512,1386.6253399755806,64,1265.3330641333014,True,576,9,9585b85c-78c8-44ee-b960-4d48bf888bdb,704.0,cost_aware, variant 8 req54018205 variant 8 req54018205 variant 8 req54018205 variant 8 req54018205 variant 8 req54018205 variant 8 req,163.04543102160096,worker-0
512,1323.3258798718452,64,1222.7322719991207,True,576,4,d6f62d68-9695-4747-ab20-312e8982ad74,704.0,cost_aware, variant 9 req54018206 variant 9 req54018206 variant 9 req54018206 variant 9 req54018206 variant 9 req54018206 variant 9 req,86.79182198829949,worker-1
512,1322.6243809331208,64,1220.5631958786398,True,576,5,c2e43277-c7fe-41e7-a4de-073b705a14ad,704.0,cost_aware, variant 10 req54018207 variant 10 req54018207 variant 10 req54018207 variant 10 req54018207 variant 10 req5401820,85.01207991503179,worker-1
512,1351.0872339829803,64,1245.4921358730644,True,576,2,ea4ffece-4394-4d9b-a5cf-29003a879ac4,128.0,cost_aware, variant 11 req54018208 variant 11 req54018208 variant 11 req54018208 variant 11 req54018208 variant 11 req5401820,83.85529485531151,worker-1
512,1289.8545819334686,64,1238.2937059737742,True,576,3,881adc50-bb87-43cd-bd84-f19d47d5a4ba,128.0,cost_aware, variant 12 req54018209 variant 12 req54018209 variant 12 req54018209 variant 12 req54018209 variant 12 req5401820,78.20997596718371,worker-1
512,1320.5807080958039,64,1238.0978430155665,True,576,5,a659ed16-41fc-452d-bedf-61d182abf534,128.0,cost_aware, variant 13 req54018210 variant 13 req54018210 variant 13 req54018210 variant 13 req54018210 variant 13 req5401821,114.45869202725589,worker-1
512,1320.3313511330634,64,1245.4686700366437,True,576,4,64686b59-53c4-4d57-b6a2-927bf884d425,128.0,cost_aware, variant 14 req54018211 variant 14 req54018211 variant 14 req54018211 variant 14 req54018211 variant 14 req5401821,120.65547704696655,worker-1
512,1539.4089359324425,64,1463.7344439979643,True,576,6,be20f667-ae7c-444b-aa66-847e28ece4a3,256.0,cost_aware, variant 15 req54018212 variant 15 req54018212 variant 15 req54018212 variant 15 req54018212 variant 15 req5401821,100.03764485009015,worker-0
512,1578.2190060708672,64,1474.7517090290785,True,576,7,76169680-089e-4903-b653-9a923fc78068,256.0,cost_aware, variant 16 req54018213 variant 16 req54018213 variant 16 req54018213 variant 16 req54018213 variant 16 req5401821,138.98995611816645,worker-0
512,1563.9437651261687,64,1474.4554988574237,True,576,8,ee9090cc-95f0-4179-9f57-db478ccaf0ad,256.0,cost_aware, variant 0 req54018214 variant 0 req54018214 variant 0 req54018214 variant 0 req54018214 variant 0 req54018214 variant 0 req,138.21675581857562,worker-0
512,1563.7960659805685,64,1474.17410206981,True,576,9,37953e1b-e571-422d-8b1b-382f91d778d8,256.0,cost_aware, variant 1 req54018215 variant 1 req54018215 variant 1 req54018215 variant 1 req54018215 variant 1 req54018215 variant 1 req,137.49980391003191,worker-0
512,1209.3540211208165,64,1162.7540439367294,True,576,4,090e27e4-8c10-4b7b-973d-55ff71f78505,192.0,cost_aware, variant 2 req54018216 variant 2 req54018216 variant 2 req54018216 variant 2 req54018216 variant 2 req54018216 variant 2 req,79.42761480808258,worker-1
512,1225.6620358675718,64,1173.0516320094466,True,576,5,af4a77a9-d458-4d1b-8431-af39c46ef0d2,192.0,cost_aware, variant 3 req54018217 variant 3 req54018217 variant 3 req54018217 variant 3 req54018217 variant 3 req54018217 variant 3 req,74.76775487884879,worker-1
512,1505.221847910434,64,1390.3284219559282,True,576,4,5836ae85-549c-43cf-8e77-076721cbcd1a,192.0,cost_aware, variant 4 req54018218 variant 4 req54018218 variant 4 req54018218 variant 4 req54018218 variant 4 req54018218 variant 4 req,192.54126003943384,worker-0
512,1506.5433389972895,64,1373.9050179719925,True,576,6,d87bd8cf-0e22-44fc-8809-586cfc0f0815,192.0,cost_aware, variant 5 req54018219 variant 5 req54018219 variant 5 req54018219 variant 5 req54018219 variant 5 req54018219 variant 5 req,176.83349596336484,worker-0
512,1503.0505289323628,64,1381.0307250823826,True,576,5,4012f28a-0846-4a50-8c67-71dd178563a9,192.0,cost_aware, variant 6 req54018220 variant 6 req54018220 variant 6 req54018220 variant 6 req54018220 variant 6 req54018220 variant 6 req,184.22680790536106,worker-0
512,1485.3340690024197,64,1373.2342480216175,True,576,7,5f82aebd-19b2-4f4d-914e-cf0dca5d704f,192.0,cost_aware, variant 7 req54018221 variant 7 req54018221 variant 7 req54018221 variant 7 req54018221 variant 7 req54018221 variant 7 req,175.2472349908203,worker-0
512,1486.9366050697863,64,1372.190617956221,True,576,8,dff350a5-114a-485c-b52e-1ceae9e97892,192.0,cost_aware, variant 8 req54018222 variant 8 req54018222 variant 8 req54018222 variant 8 req54018222 variant 8 req54018222 variant 8 req,173.486151965335,worker-0
512,1486.291193868965,64,1370.1714861672372,True,576,9,43ba57c2-3373-4613-abf6-77895e5af8b6,192.0,cost_aware, variant 9 req54018223 variant 9 req54018223 variant 9 req54018223 variant 9 req54018223 variant 9 req54018223 variant 9 req,171.75986408255994,worker-0
512,1358.4683139342815,64,1247.57574708201,True,576,10,830fc349-199c-4d4d-b989-dd60cd9731ff,384.0,cost_aware, variant 10 req54018224 variant 10 req54018224 variant 10 req54018224 variant 10 req54018224 variant 10 req5401822,163.22366800159216,worker-0
512,1311.7651471402496,64,1223.7716808449477,True,576,11,7c91bfce-4b01-4854-aa5d-7058e4e08f55,384.0,cost_aware, variant 11 req54018225 variant 11 req54018225 variant 11 req54018225 variant 11 req54018225 variant 11 req5401822,141.44932199269533,worker-0
512,1327.4273287970573,64,1221.5748820453882,True,576,12,1ec0d754-47a8-4e47-bdd3-16b80ef0209d,416.0,cost_aware, variant 12 req54018226 variant 12 req54018226 variant 12 req54018226 variant 12 req54018226 variant 12 req5401822,140.52566909231246,worker-0
512,1311.6348839830607,64,1212.2253060806543,True,576,13,9463c872-7fe5-4c1c-84a7-53724056cf6c,416.0,cost_aware, variant 13 req54018227 variant 13 req54018227 variant 13 req54018227 variant 13 req54018227 variant 13 req5401822,132.44617311283946,worker-0
512,1423.3629191294312,64,1368.8308540731668,True,576,0,241e7638-75db-4d88-a5be-06cb3e3e624e,64.0,cost_aware, variant 14 req54018228 variant 14 req54018228 variant 14 req54018228 variant 14 req54018228 variant 14 req5401822,46.519953990355134,worker-1
512,1431.0792409814894,64,1388.4123070165515,True,576,1,93e8f7dd-81f0-47fb-a85d-2848396fff6c,64.0,cost_aware, variant 15 req54018229 variant 15 req54018229 variant 15 req54018229 variant 15 req54018229 variant 15 req5401822,74.21678001992404,worker-1
512,1395.483047934249,64,1346.1911629419774,True,576,2,87ccf1e4-851e-461f-b46d-30d7b769f095,128.0,cost_aware, variant 16 req54018230 variant 16 req54018230 variant 16 req54018230 variant 16 req54018230 variant 16 req5401823,50.367922987788916,worker-1
512,1409.0787728782743,64,1325.71319793351,True,576,3,dd714319-167e-4965-ab7d-50d2b59a2eaf,160.0,cost_aware, variant 0 req54018231 variant 0 req54018231 variant 0 req54018231 variant 0 req54018231 variant 0 req54018231 variant 0 req,162.69051004201174,worker-1
512,1561.614166945219,64,1452.1327579859644,True,576,4,f05859d7-ab4b-4526-84c8-85a42102a888,160.0,cost_aware, variant 1 req54018232 variant 1 req54018232 variant 1 req54018232 variant 1 req54018232 variant 1 req54018232 variant 1 req,256.02018600329757,worker-1
512,1561.442619888112,64,1450.458220904693,True,576,6,3a2ae8ab-f976-40be-9918-9d340c684b96,160.0,cost_aware, variant 2 req54018233 variant 2 req54018233 variant 2 req54018233 variant 2 req54018233 variant 2 req54018233 variant 2 req,251.84797309339046,worker-1
512,1521.4885659515858,64,1448.3399540185928,True,576,5,ecdf7dd2-0403-4e9b-aacb-09fb1893e854,160.0,cost_aware, variant 3 req54018234 variant 3 req54018234 variant 3 req54018234 variant 3 req54018234 variant 3 req54018234 variant 3 req,253.57314990833402,worker-1
512,1554.124616086483,64,1444.5419500116259,True,576,10,b68c12e0-ef9e-42cf-9248-16e1a78ffd93,160.0,cost_aware, variant 4 req54018235 variant 4 req54018235 variant 4 req54018235 variant 4 req54018235 variant 4 req54018235 variant 4 req,336.7246121633798,worker-1
512,1553.566780174151,64,1458.4191842004657,True,576,8,3f12562a-ad91-4843-b489-b144f0d408e7,160.0,cost_aware, variant 5 req54018236 variant 5 req54018236 variant 5 req54018236 variant 5 req54018236 variant 5 req54018236 variant 5 req,349.4294569827616,worker-1
512,1551.891040056944,64,1441.9117190409452,True,576,11,16880c37-831d-4d3b-bcb2-3c7d4bcf1fcb,160.0,cost_aware, variant 6 req54018237 variant 6 req54018237 variant 6 req54018237 variant 6 req54018237 variant 6 req54018237 variant 6 req,333.27150507830083,worker-1
512,1532.4163117911667,64,1446.8339560553432,True,576,7,d7bd568b-4487-4f82-b220-6b91e963d0a4,160.0,cost_aware, variant 7 req54018238 variant 7 req54018238 variant 7 req54018238 variant 7 req54018238 variant 7 req54018238 variant 7 req,249.47468005120754,worker-1
512,1553.747250000015,64,1448.0416809674352,True,576,9,5790dced-04a2-44a6-8249-4435dacadcc5,160.0,cost_aware, variant 8 req54018239 variant 8 req54018239 variant 8 req54018239 variant 8 req54018239 variant 8 req54018239 variant 8 req,340.3411549516022,worker-1
512,1532.9827279783785,64,1453.6107901949435,True,576,0,3f2ba231-25a4-4e18-b234-250e180c30c1,64.0,cost_aware, variant 9 req54018240 variant 9 req54018240 variant 9 req54018240 variant 9 req54018240 variant 9 req54018240 variant 9 req,38.89306914061308,worker-0
512,1567.962896078825,64,1457.9398080240935,True,576,3,574be234-1378-4fff-9466-b0b059642a97,64.0,cost_aware, variant 10 req54018241 variant 10 req54018241 variant 10 req54018241 variant 10 req54018241 variant 10 req5401824,106.71970387920737,worker-0
512,1528.7353878375143,64,1460.1869648322463,True,576,1,0c3a75c3-b398-4789-8186-5e5174e95bbb,64.0,cost_aware, variant 11 req54018242 variant 11 req54018242 variant 11 req54018242 variant 11 req54018242 variant 11 req5401824,111.3497568294406,worker-0
512,1551.1317800264806,64,1459.2631210107356,True,576,2,40bc69a2-3d6f-4c2d-88a5-1ff61264f927,64.0,cost_aware, variant 12 req54018243 variant 12 req54018243 variant 12 req54018243 variant 12 req54018243 variant 12 req5401824,108.96815196610987,worker-0
512,1440.1060449890792,64,1398.1774549465626,True,576,4,271943af-1497-4d05-bfcf-5b6332ca97b8,192.0,cost_aware, variant 13 req54018244 variant 13 req54018244 variant 13 req54018244 variant 13 req54018244 variant 13 req5401824,64.14852594025433,worker-0
512,1486.1807671841234,64,1427.1011659875512,True,576,5,1ea67759-9212-4d36-ac9a-f85d5273c636,224.0,cost_aware, variant 14 req54018245 variant 14 req54018245 variant 14 req54018245 variant 14 req54018245 variant 14 req5401824,73.12278216704726,worker-0
512,1471.7127778567374,64,1432.7933280728757,True,576,6,039744c9-5898-434c-b038-5a2a9daf834f,256.0,cost_aware, variant 15 req54018246 variant 15 req54018246 variant 15 req54018246 variant 15 req54018246 variant 15 req5401824,47.88773600012064,worker-0
512,1453.1346708536148,64,1419.1438080742955,True,576,7,e0865825-fc38-4965-8bed-bfb4aaf4fb66,288.0,cost_aware, variant 16 req54018247 variant 16 req54018247 variant 16 req54018247 variant 16 req54018247 variant 16 req5401824,51.65594210848212,worker-0
512,1536.9707560166717,64,1417.4267540220171,True,576,8,09db80ee-a6dd-4795-b14f-88ca4f646256,320.0,cost_aware, variant 0 req54018248 variant 0 req54018248 variant 0 req54018248 variant 0 req54018248 variant 0 req54018248 variant 0 req,84.63256107643247,worker-0
512,1538.8060230761766,64,1416.9249760452658,True,576,13,b76e91f2-9bfc-4591-a359-eae694900fef,320.0,cost_aware, variant 1 req54018249 variant 1 req54018249 variant 1 req54018249 variant 1 req54018249 variant 1 req54018249 variant 1 req,211.93390991538763,worker-0
512,1521.693750983104,64,1412.8957430366427,True,576,9,0d388d0f-3158-42f5-9a57-232dbed073ca,320.0,cost_aware, variant 2 req54018250 variant 2 req54018250 variant 2 req54018250 variant 2 req54018250 variant 2 req54018250 variant 2 req,81.53397287242115,worker-0
512,1557.076052064076,64,1415.9650159999728,True,576,10,8f930a2d-baf0-4bfc-83f4-b983fbb68dfe,320.0,cost_aware, variant 3 req54018251 variant 3 req54018251 variant 3 req54018251 variant 3 req54018251 variant 3 req54018251 variant 3 req,214.57577892579138,worker-0
512,1538.4126529097557,64,1411.3523191772401,True,576,15,7820bd79-759c-4c49-ad94-5f54b0f3de5c,320.0,cost_aware, variant 4 req54018252 variant 4 req54018252 variant 4 req54018252 variant 4 req54018252 variant 4 req54018252 variant 4 req,206.94115199148655,worker-0
512,1537.418088875711,64,1416.9920498970896,True,576,12,e30fd637-db95-4a46-b94c-bccce5088f65,320.0,cost_aware, variant 5 req54018253 variant 5 req54018253 variant 5 req54018253 variant 5 req54018253 variant 5 req54018253 variant 5 req,213.11651496216655,worker-0
512,1537.1305730659515,64,1411.5393089596182,True,576,14,26888523-f755-4d87-87f0-82de9531af0e,320.0,cost_aware, variant 6 req54018254 variant 6 req54018254 variant 6 req54018254 variant 6 req54018254 variant 6 req54018254 variant 6 req,208.41086306609213,worker-0
512,1536.6829091217369,64,1421.3411579839885,True,576,11,1dc6c505-79da-4faa-9504-b682aa2794b9,320.0,cost_aware, variant 7 req54018255 variant 7 req54018255 variant 7 req54018255 variant 7 req54018255 variant 7 req54018255 variant 7 req,214.89116898737848,worker-0
512,1478.7725799251348,64,1383.4293079562485,True,576,11,c3c29038-32e2-4298-a308-638da6aea029,416.0,cost_aware, variant 8 req54018256 variant 8 req54018256 variant 8 req54018256 variant 8 req54018256 variant 8 req54018256 variant 8 req,47.64800309203565,worker-0
512,1512.005815980956,64,1389.4583550281823,True,576,13,a26b76a4-4d80-4116-8d32-f186d3f39fe3,416.0,cost_aware, variant 9 req54018257 variant 9 req54018257 variant 9 req54018257 variant 9 req54018257 variant 9 req54018257 variant 9 req,119.90882782265544,worker-0
512,1488.4710479527712,64,1390.8791891299188,True,576,12,828787cf-1560-40d8-b9f5-2dc1ac00fed0,416.0,cost_aware, variant 10 req54018258 variant 10 req54018258 variant 10 req54018258 variant 10 req54018258 variant 10 req5401825,121.81779998354614,worker-0
512,1487.990512046963,64,1394.197016954422,True,576,11,3fdc308e-6eae-4c87-8185-91cf2ef4ae0f,416.0,cost_aware, variant 11 req54018259 variant 11 req54018259 variant 11 req54018259 variant 11 req54018259 variant 11 req5401825,124.363370006904,worker-0
512,1280.7470611296594,64,1186.9388541672379,True,576,0,0707f90f-7487-4345-94f6-2f1fd4c7d1ce,64.0,cost_aware, variant 12 req54018260 variant 12 req54018260 variant 12 req54018260 variant 12 req54018260 variant 12 req5401826,59.2638379894197,worker-1
512,1219.6473460644484,64,1183.5641469806433,True,576,1,b039c008-bfa2-420d-945c-9be5a70293c8,96.0,cost_aware, variant 13 req54018261 variant 13 req54018261 variant 13 req54018261 variant 13 req54018261 variant 13 req5401826,74.09798400476575,worker-1
512,1210.4867519810796,64,1178.3927120268345,True,576,2,263f40d5-c450-48cf-a32b-e84503ff02bc,128.0,cost_aware, variant 14 req54018262 variant 14 req54018262 variant 14 req54018262 variant 14 req54018262 variant 14 req5401826,52.9584139585495,worker-1
512,1213.3009270764887,64,1180.771674029529,True,576,3,1487dbec-2e47-435f-a899-83ef556e0c25,160.0,cost_aware, variant 15 req54018263 variant 15 req54018263 variant 15 req54018263 variant 15 req54018263 variant 15 req5401826,55.434114998206496,worker-1
512,1708.8187499903142,64,1574.6605531312525,True,576,4,e118942f-045a-4b6e-a588-6f14f31d0d8e,192.0,cost_aware, variant 16 req54018264 variant 16 req54018264 variant 16 req54018264 variant 16 req54018264 variant 16 req5401826,469.11052893847227,worker-0
512,1731.9026791956276,64,1575.1318151596934,True,576,5,848cf71c-7005-447f-aaba-f833bd9ef3b8,192.0,cost_aware, variant 0 req54018265 variant 0 req54018265 variant 0 req54018265 variant 0 req54018265 variant 0 req54018265 variant 0 req,468.35320396348834,worker-0
512,1716.7376480065286,64,1576.5621939208359,True,576,6,5f22332f-b33a-45cc-981c-eec09b62ae2b,192.0,cost_aware, variant 1 req54018266 variant 1 req54018266 variant 1 req54018266 variant 1 req54018266 variant 1 req54018266 variant 1 req,467.7552559878677,worker-0
512,1699.682004051283,64,1550.6785809993744,True,576,10,7d33dfc8-f7c6-4cfe-a5cf-afc3bc912184,192.0,cost_aware, variant 2 req54018267 variant 2 req54018267 variant 2 req54018267 variant 2 req54018267 variant 2 req54018267 variant 2 req,441.3290109951049,worker-0
512,1699.3722131010145,64,1557.1368830278516,True,576,11,b0dc230c-ff41-4394-9069-87ad95313b45,192.0,cost_aware, variant 3 req54018268 variant 3 req54018268 variant 3 req54018268 variant 3 req54018268 variant 3 req54018268 variant 3 req,460.2411270607263,worker-0
512,1649.195637088269,64,1549.179966095835,True,576,8,2c5250df-d242-4d8a-a6be-fe539f69e4fe,192.0,cost_aware, variant 4 req54018269 variant 4 req54018269 variant 4 req54018269 variant 4 req54018269 variant 4 req54018269 variant 4 req,445.13304391875863,worker-0
512,1698.8635340239853,64,1555.8508560061455,True,576,7,2b5aca71-f022-4a79-a13c-9070e3c835cd,192.0,cost_aware, variant 5 req54018270 variant 5 req54018270 variant 5 req54018270 variant 5 req54018270 variant 5 req54018270 variant 5 req,448.0173990596086,worker-0
512,1672.427934827283,64,1545.496790902689,True,576,9,5bb4a5b1-d2d3-49ce-882e-24cb04d2a60e,192.0,cost_aware, variant 6 req54018271 variant 6 req54018271 variant 6 req54018271 variant 6 req54018271 variant 6 req54018271 variant 6 req,442.6605368498713,worker-0
512,1321.7990270350128,64,1276.5865630935878,True,576,2,738abb15-7e90-4784-81dc-93ebee6a7d9f,128.0,cost_aware, variant 7 req54018272 variant 7 req54018272 variant 7 req54018272 variant 7 req54018272 variant 7 req54018272 variant 7 req,41.902218014001846,worker-1
512,1331.7073420621455,64,1288.4598767850548,True,576,3,29457b96-16dc-4846-96df-fd3935ab8a8c,128.0,cost_aware, variant 8 req54018273 variant 8 req54018273 variant 8 req54018273 variant 8 req54018273 variant 8 req54018273 variant 8 req,63.92812496051192,worker-1
512,1718.743828125298,64,1643.0061710998416,True,576,3,fded04ee-ab32-45b9-b95d-c7f175c37c2b,192.0,cost_aware, variant 9 req54018274 variant 9 req54018274 variant 9 req54018274 variant 9 req54018274 variant 9 req54018274 variant 9 req,52.6752551086247,worker-1
512,1655.125005170703,64,1613.8358179014176,True,576,3,c5726817-9006-4414-985d-aa3d1464001b,192.0,cost_aware, variant 10 req54018275 variant 10 req54018275 variant 10 req54018275 variant 10 req54018275 variant 10 req5401827,65.80235296860337,worker-1
512,1673.3755830209702,64,1581.982092000544,True,576,4,9e84b862-19cd-40e2-8519-829dfafcb04e,192.0,cost_aware, variant 11 req54018276 variant 11 req54018276 variant 11 req54018276 variant 11 req54018276 variant 11 req5401827,141.29872713238,worker-1
512,1674.5155120734125,64,1577.7118750847876,True,576,7,e5f6fb52-1b7e-42cd-bc84-63168e2c7177,192.0,cost_aware, variant 12 req54018277 variant 12 req54018277 variant 12 req54018277 variant 12 req54018277 variant 12 req5401827,136.07016298919916,worker-1
512,1671.8606618233025,64,1583.8060609530658,True,576,5,9b66ca79-aef9-4ce5-811c-b9585f32ec69,192.0,cost_aware, variant 13 req54018278 variant 13 req54018278 variant 13 req54018278 variant 13 req54018278 variant 13 req5401827,139.67446610331535,worker-1
512,1634.939042152837,64,1580.7279360014945,True,576,6,5f252062-57d6-4c57-ad81-0e291f4c0f78,192.0,cost_aware, variant 14 req54018279 variant 14 req54018279 variant 14 req54018279 variant 14 req54018279 variant 14 req5401827,137.90681399405003,worker-1
512,1422.6349990349263,64,1286.621922859922,True,576,0,25803c92-7529-4312-8eeb-205c52aca68a,64.0,cost_aware, variant 15 req54018280 variant 15 req54018280 variant 15 req54018280 variant 15 req54018280 variant 15 req5401828,46.61002289503813,worker-0
512,1434.2873089481145,64,1292.9302409756929,True,576,2,dd7aff5e-901d-4b48-b0cd-94513bd0a53b,64.0,cost_aware, variant 16 req54018281 variant 16 req54018281 variant 16 req54018281 variant 16 req54018281 variant 16 req5401828,199.32879996486008,worker-0
512,1423.178002005443,64,1291.4513261057436,True,576,1,8b706fc5-b7d5-4e3b-bb10-f5a03c6c2a25,64.0,cost_aware, variant 0 req54018282 variant 0 req54018282 variant 0 req54018282 variant 0 req54018282 variant 0 req54018282 variant 0 req,56.65366700850427,worker-0
512,1427.5773870758712,64,1294.2398129962385,True,576,3,1dc0d3a7-63e1-47d7-b667-4d232fe8cc76,64.0,cost_aware, variant 1 req54018283 variant 1 req54018283 variant 1 req54018283 variant 1 req54018283 variant 1 req54018283 variant 1 req,198.58882203698158,worker-0
512,1429.0457458700985,64,1291.0593978594989,True,576,5,4cb39154-9399-47a7-9809-7bd570c10634,64.0,cost_aware, variant 2 req54018284 variant 2 req54018284 variant 2 req54018284 variant 2 req54018284 variant 2 req54018284 variant 2 req,195.82880893722177,worker-0
512,1428.3612740691751,64,1288.202224066481,True,576,7,4053e1b5-1896-40e1-8fdd-e0ca4a4cf190,64.0,cost_aware, variant 3 req54018285 variant 3 req54018285 variant 3 req54018285 variant 3 req54018285 variant 3 req54018285 variant 3 req,193.7902660574764,worker-0
512,1428.0780241824687,64,1291.8088920414448,True,576,4,6eebbf4a-a68f-4395-af5b-32497c73c854,64.0,cost_aware, variant 4 req54018286 variant 4 req54018286 variant 4 req54018286 variant 4 req54018286 variant 4 req54018286 variant 4 req,196.96950004436076,worker-0
512,1425.3465051297098,64,1288.6484970804304,True,576,6,d4392202-9f98-4ef8-9e47-2c6d1f5afa28,64.0,cost_aware, variant 5 req54018287 variant 5 req54018287 variant 5 req54018287 variant 5 req54018287 variant 5 req54018287 variant 5 req,194.67300502583385,worker-0
512,1315.6429829541594,64,1274.8047958593816,True,576,6,a2c915f4-b0fb-42dc-b164-4b63f260efaf,288.0,cost_aware, variant 6 req54018288 variant 6 req54018288 variant 6 req54018288 variant 6 req54018288 variant 6 req54018288 variant 6 req,490.7520778942853,worker-1
512,1777.3190948646516,64,1742.7981689106673,True,576,7,ff575463-5047-49f5-87eb-3adcfeca0eba,256.0,cost_aware, variant 7 req54018289 variant 7 req54018289 variant 7 req54018289 variant 7 req54018289 variant 7 req54018289 variant 7 req,537.4450089875609,worker-1
512,1317.4995030276477,64,1249.4725990109146,True,576,3,153d7179-7acd-4443-96fa-37343196a131,128.0,cost_aware, variant 8 req54018290 variant 8 req54018290 variant 8 req54018290 variant 8 req54018290 variant 8 req54018290 variant 8 req,67.11973715573549,worker-1
512,1292.1494687907398,64,1252.1410391200334,True,576,2,95ca6181-a3f4-4839-b32d-44dea1e36a05,128.0,cost_aware, variant 9 req54018291 variant 9 req54018291 variant 9 req54018291 variant 9 req54018291 variant 9 req54018291 variant 9 req,71.11200108192861,worker-1
512,1343.1351210456342,64,1258.2340738736093,True,576,7,81293773-54a2-4eff-9334-3a09bc2dc903,160.0,cost_aware, variant 10 req54018292 variant 10 req54018292 variant 10 req54018292 variant 10 req54018292 variant 10 req5401829,148.34355795755982,worker-1
512,1344.5503970142454,64,1282.7041631098837,True,576,4,7d9fdb0e-820f-4da7-9e95-3a61f6446273,160.0,cost_aware, variant 11 req54018293 variant 11 req54018293 variant 11 req54018293 variant 11 req54018293 variant 11 req5401829,172.54613200202584,worker-1
512,1343.9915699418634,64,1272.3884659353644,True,576,5,a6a96f56-783f-482d-8179-d2cba2b4bf99,160.0,cost_aware, variant 12 req54018294 variant 12 req54018294 variant 12 req54018294 variant 12 req54018294 variant 12 req5401829,161.25931800343096,worker-1
512,1343.8844638876617,64,1265.0304588023573,True,576,6,5179dfdc-2ac5-4532-8903-db77a27a6b87,160.0,cost_aware, variant 13 req54018295 variant 13 req54018295 variant 13 req54018295 variant 13 req54018295 variant 13 req5401829,153.53400190360844,worker-1
512,1424.4884899817407,64,1389.7812068462372,True,576,6,19b310ad-221f-4ae4-8f44-bfc0bfb4e88b,288.0,cost_aware, variant 14 req54018296 variant 14 req54018296 variant 14 req54018296 variant 14 req54018296 variant 14 req5401829,71.8188879545778,worker-0
512,1500.1297509297729,64,1413.5963299777359,True,576,1,90449bc7-a4bc-4b44-a21c-fcb6a0b9717b,96.0,cost_aware, variant 15 req54018297 variant 15 req54018297 variant 15 req54018297 variant 15 req54018297 variant 15 req5401829,231.0818589758128,worker-0
512,1491.7929449584335,64,1384.5968230161816,True,576,2,f5847df1-b603-4575-96f0-af23ca4c9fcf,96.0,cost_aware, variant 16 req54018298 variant 16 req54018298 variant 16 req54018298 variant 16 req54018298 variant 16 req5401829,200.8695409167558,worker-0
512,1448.1408318970352,64,1368.9267679583281,True,576,4,33fbc44d-b2e4-4d13-8238-a0e10df4c203,128.0,cost_aware, variant 0 req54018299 variant 0 req54018299 variant 0 req54018299 variant 0 req54018299 variant 0 req54018299 variant 0 req,190.6186039559543,worker-0
512,1470.0950270053,64,1385.9508740715683,True,576,3,1b035f57-3d2d-4ac6-b3df-c05c511fce2d,128.0,cost_aware, variant 1 req54018300 variant 1 req54018300 variant 1 req54018300 variant 1 req54018300 variant 1 req54018300 variant 1 req,199.6095848735422,worker-0
512,1469.340655952692,64,1370.8727769553661,True,576,5,47a58e0e-397c-4233-8b54-59e4279e4b95,128.0,cost_aware, variant 2 req54018301 variant 2 req54018301 variant 2 req54018301 variant 2 req54018301 variant 2 req54018301 variant 2 req,189.5882550161332,worker-0
512,1471.1707059759647,64,1371.6212091967463,True,576,7,863c8a74-201e-49a2-bfc8-cec38fe75946,128.0,cost_aware, variant 3 req54018302 variant 3 req54018302 variant 3 req54018302 variant 3 req54018302 variant 3 req54018302 variant 3 req,186.57423905096948,worker-0
512,1445.888586109504,64,1366.9002940878272,True,576,6,ed586c05-a363-4f31-bdbf-e874b373b34e,128.0,cost_aware, variant 4 req54018303 variant 4 req54018303 variant 4 req54018303 variant 4 req54018303 variant 4 req54018303 variant 4 req,187.1655760332942,worker-0
512,1253.7380759604275,64,1211.2828900571913,True,576,8,1249f2a9-2aad-4b5c-bad1-6b4b2fe0e43e,320.0,cost_aware, variant 5 req54018304 variant 5 req54018304 variant 5 req54018304 variant 5 req54018304 variant 5 req54018304 variant 5 req,52.23033297806978,worker-0
512,1444.2843371070921,64,1395.4084070865065,True,576,9,4332fd6d-6413-4212-8608-529cdc5cde9b,352.0,cost_aware, variant 6 req54018305 variant 6 req54018305 variant 6 req54018305 variant 6 req54018305 variant 6 req54018305 variant 6 req,63.83058289065957,worker-0
512,1513.8170360587537,64,1431.186483008787,True,576,10,709f21f5-3451-45f8-b7da-32ff46035bfe,384.0,cost_aware, variant 7 req54018306 variant 7 req54018306 variant 7 req54018306 variant 7 req54018306 variant 7 req54018306 variant 7 req,114.88612391985953,worker-0
512,1507.9745010007173,64,1386.1309618223459,True,576,11,7c886112-9bcc-4121-9f3c-cf0aae2f2f4a,384.0,cost_aware, variant 8 req54018307 variant 8 req54018307 variant 8 req54018307 variant 8 req54018307 variant 8 req54018307 variant 8 req,68.48768889904022,worker-0
512,1257.777040824294,64,1206.3314751721919,True,576,0,02e4fc57-88d9-4243-8e4f-6ca1919e3ec0,64.0,cost_aware, variant 9 req54018308 variant 9 req54018308 variant 9 req54018308 variant 9 req54018308 variant 9 req54018308 variant 9 req,43.07204205542803,worker-1
512,1291.8360999319702,64,1226.001086877659,True,576,1,bad437b1-a8de-4753-b0a3-aa7ce6f42892,64.0,cost_aware, variant 10 req54018309 variant 10 req54018309 variant 10 req54018309 variant 10 req54018309 variant 10 req5401830,122.153579024598,worker-1
512,1289.9998999200761,64,1221.7634909320623,True,576,2,8ad3f1ae-ad74-4ad6-94db-e4ff069f460f,64.0,cost_aware, variant 11 req54018310 variant 11 req54018310 variant 11 req54018310 variant 11 req54018310 variant 11 req5401831,117.09227506071329,worker-1
512,1290.8684380818158,64,1208.923788042739,True,576,3,2f77ade9-4e91-4d5f-a4b1-1a9eeefac097,64.0,cost_aware, variant 12 req54018311 variant 12 req54018311 variant 12 req54018311 variant 12 req54018311 variant 12 req5401831,105.77061912044883,worker-1
512,1210.6100048404187,64,1176.4536849223077,True,576,4,eb347834-f35d-4baa-a062-31a04851fcf9,192.0,cost_aware, variant 13 req54018312 variant 13 req54018312 variant 13 req54018312 variant 13 req54018312 variant 13 req5401831,43.875708943232894,worker-1
512,1529.6910658944398,64,1421.2294321041554,True,576,4,4d0ee1c1-829a-4a3a-8ae2-1124f587650c,160.0,cost_aware, variant 14 req54018313 variant 14 req54018313 variant 14 req54018313 variant 14 req54018313 variant 14 req5401831,102.36682905815542,worker-0
512,1560.5695380363613,64,1431.8884909152985,True,576,7,0d1f5842-f247-4b0f-9e0b-4ed1bfaaa813,192.0,cost_aware, variant 15 req54018314 variant 15 req54018314 variant 15 req54018314 variant 15 req54018314 variant 15 req5401831,222.58989210240543,worker-0
512,1515.8274350687861,64,1424.3801389820874,True,576,3,ceec592c-6ec6-44ed-8e20-a3e9e584f2f2,160.0,cost_aware, variant 16 req54018315 variant 16 req54018315 variant 16 req54018315 variant 16 req54018315 variant 16 req5401831,106.83232708834112,worker-0
512,1538.6699179653078,64,1430.86185795255,True,576,9,267ece93-212c-40ab-9888-cad36efcd43e,160.0,cost_aware, variant 0 req54018316 variant 0 req54018316 variant 0 req54018316 variant 0 req54018316 variant 0 req54018316 variant 0 req,221.57864295877516,worker-0
512,1514.3116018734872,64,1421.4447259437293,True,576,5,80b7dc34-f28c-408d-9639-fba050dbf426,160.0,cost_aware, variant 1 req54018317 variant 1 req54018317 variant 1 req54018317 variant 1 req54018317 variant 1 req54018317 variant 1 req,101.31772002205253,worker-0
512,1539.545607054606,64,1430.6142630521208,True,576,10,f521e3a7-9dcc-4c9a-801e-c1cd9523aeb8,160.0,cost_aware, variant 2 req54018318 variant 2 req54018318 variant 2 req54018318 variant 2 req54018318 variant 2 req54018318 variant 2 req,220.89526196941733,worker-0
512,1538.9272968750447,64,1432.43501894176,True,576,6,8d3bf94a-f936-4028-b7a5-71d8182071f1,160.0,cost_aware, variant 3 req54018319 variant 3 req54018319 variant 3 req54018319 variant 3 req54018319 variant 3 req54018319 variant 3 req,223.43029594048858,worker-0
512,1533.954360987991,64,1429.9954241141677,True,576,8,d814a539-7ad1-4ab2-897c-1d55edbc37a9,192.0,cost_aware, variant 4 req54018320 variant 4 req54018320 variant 4 req54018320 variant 4 req54018320 variant 4 req54018320 variant 4 req,221.4527279138565,worker-0
512,1212.47333381325,64,1164.4167969934642,True,576,1,2d31453a-bb81-464c-8415-8bf3942d4194,192.0,cost_aware, variant 5 req54018321 variant 5 req54018321 variant 5 req54018321 variant 5 req54018321 variant 5 req54018321 variant 5 req,62.167983036488295,worker-1
512,1198.529588058591,64,1165.5510568525642,True,576,2,aaa52767-919b-449a-89a9-e201f60cca1a,128.0,cost_aware, variant 6 req54018322 variant 6 req54018322 variant 6 req54018322 variant 6 req54018322 variant 6 req54018322 variant 6 req,85.72776895016432,worker-1
512,1201.4567200094461,64,1158.2557680085301,True,576,3,3f1e854f-c25d-4ad0-851b-c4cd5c0a972f,128.0,cost_aware, variant 7 req54018323 variant 7 req54018323 variant 7 req54018323 variant 7 req54018323 variant 7 req54018323 variant 7 req,77.9571020975709,worker-1
512,1566.9424450024962,64,1498.783877119422,True,576,10,8c32a48f-0434-4601-b443-ce2e74f50af6,384.0,cost_aware, variant 8 req54018324 variant 8 req54018324 variant 8 req54018324 variant 8 req54018324 variant 8 req54018324 variant 8 req,97.75391919538379,worker-0
512,1519.6890740189701,64,1477.9228288680315,True,576,11,6e0e9d5e-46c3-4b97-bb98-08c64fdd264d,416.0,cost_aware, variant 9 req54018325 variant 9 req54018325 variant 9 req54018325 variant 9 req54018325 variant 9 req54018325 variant 9 req,75.70936484262347,worker-0
512,1488.6508339550346,64,1440.8520457800478,True,576,10,e94eb85d-0531-4589-ae51-ee385c14e059,384.0,cost_aware, variant 10 req54018326 variant 10 req54018326 variant 10 req54018326 variant 10 req54018326 variant 10 req5401832,79.70003597438335,worker-0
512,1488.0489001516253,64,1437.3612911440432,True,576,11,13cc0806-aa12-4591-ab78-659becb78140,384.0,cost_aware, variant 11 req54018327 variant 11 req54018327 variant 11 req54018327 variant 11 req54018327 variant 11 req5401832,75.0063641462475,worker-0
512,1432.5728700496256,64,1396.2814779952168,True,576,12,49b51358-1ccd-490a-8cec-8a382300a0c2,448.0,cost_aware, variant 12 req54018328 variant 12 req54018328 variant 12 req54018328 variant 12 req54018328 variant 12 req5401832,55.13684288598597,worker-0
512,1495.5992940813303,64,1377.4595218710601,True,576,6,49dc3966-c152-458e-9579-c3c692badde8,224.0,cost_aware, variant 13 req54018329 variant 13 req54018329 variant 13 req54018329 variant 13 req54018329 variant 13 req5401832,75.63518895767629,worker-0
512,1481.6650429274887,64,1376.7460458911955,True,576,5,8601a3e6-3dca-4d0f-8b71-16395bd96688,224.0,cost_aware, variant 14 req54018330 variant 14 req54018330 variant 14 req54018330 variant 14 req54018330 variant 14 req5401833,76.36270788498223,worker-0
512,1498.631308088079,64,1383.1197351682931,True,576,7,40d06a43-bae7-40ca-bbe4-f25bac35f592,224.0,cost_aware, variant 15 req54018331 variant 15 req54018331 variant 15 req54018331 variant 15 req54018331 variant 15 req5401833,214.1516380943358,worker-0
512,1500.8044100832194,64,1380.827338900417,True,576,8,ff3533b5-f1df-4b3d-9608-ed2628f56986,224.0,cost_aware, variant 16 req54018332 variant 16 req54018332 variant 16 req54018332 variant 16 req54018332 variant 16 req5401833,210.63617407344282,worker-0
512,1498.0400200001895,64,1379.3241460807621,True,576,10,23d4e131-9618-4952-8a3f-922222c68d8f,224.0,cost_aware, variant 0 req54018333 variant 0 req54018333 variant 0 req54018333 variant 0 req54018333 variant 0 req54018333 variant 0 req,207.3252061381936,worker-0
512,1499.2282139137387,64,1379.5788008719683,True,576,9,300d6cd8-97d8-48eb-ad1f-c04614718331,224.0,cost_aware, variant 1 req54018334 variant 1 req54018334 variant 1 req54018334 variant 1 req54018334 variant 1 req54018334 variant 1 req,208.53437203913927,worker-0
512,1478.6980689968914,64,1374.8016888275743,True,576,12,06eb9e50-076c-4af2-84fd-58e41d2e8cef,224.0,cost_aware, variant 2 req54018335 variant 2 req54018335 variant 2 req54018335 variant 2 req54018335 variant 2 req54018335 variant 2 req,205.26148402132094,worker-0
512,1498.2433470431715,64,1379.4565808493644,True,576,11,d1c795df-32d8-4095-9388-fbba0d268b56,224.0,cost_aware, variant 3 req54018336 variant 3 req54018336 variant 3 req54018336 variant 3 req54018336 variant 3 req54018336 variant 3 req,206.7522769793868,worker-0
512,1275.1392379868776,64,1232.1074069477618,True,576,13,b3568b4f-2847-4013-b137-4af989423515,480.0,cost_aware, variant 4 req54018337 variant 4 req54018337 variant 4 req54018337 variant 4 req54018337 variant 4 req54018337 variant 4 req,85.63098893500865,worker-0
512,1277.1560670807958,64,1208.6443011648953,True,576,15,9cf31f8c-2784-4718-a713-d4aa0b49d895,512.0,cost_aware, variant 5 req54018338 variant 5 req54018338 variant 5 req54018338 variant 5 req54018338 variant 5 req54018338 variant 5 req,104.2333331424743,worker-0
512,1274.3137958459556,64,1211.1993147991598,True,576,14,e19cfc7e-a709-4264-ae1a-30226d074fae,512.0,cost_aware, variant 6 req54018339 variant 6 req54018339 variant 6 req54018339 variant 6 req54018339 variant 6 req54018339 variant 6 req,105.65959592349827,worker-0
